,1,2,3,4,5,6,7,8,9,10,11,12,13,14,15,16
0,1444.jpg,1649.jpg,1775.jpg,1664.jpg,625.jpg,206.jpg,255.jpg,19.jpg,905.jpg,1012.jpg,799.jpg,1030.jpg,2126.jpg,2710.jpg,2682.jpg,2493.jpg
1,1582.jpg,1844.jpg,2052.jpg,1922.jpg,10.jpg,571.jpg,618.jpg,162.jpg,976.jpg,940.jpg,685.jpg,1067.jpg,2739.jpg,2654.jpg,2310.jpg,2350.jpg
2,1585.jpg,2022.jpg,1943.jpg,1768.jpg,333.jpg,287.jpg,167.jpg,481.jpg,964.jpg,1097.jpg,771.jpg,1398.jpg,2638.jpg,2151.jpg,2483.jpg,2590.jpg
3,1458.jpg,1764.jpg,1710.jpg,1925.jpg,633.jpg,106.jpg,618.jpg,363.jpg,695.jpg,1425.jpg,1138.jpg,806.jpg,2602.jpg,2673.jpg,2591.jpg,2510.jpg
4,2021.jpg,2009.jpg,1673.jpg,1889.jpg,469.jpg,127.jpg,294.jpg,254.jpg,908.jpg,883.jpg,1334.jpg,1395.jpg,2466.jpg,2182.jpg,2612.jpg,2419.jpg
5,1435.jpg,1436.jpg,1462.jpg,1700.jpg,240.jpg,554.jpg,371.jpg,49.jpg,1139.jpg,842.jpg,1333.jpg,1129.jpg,2632.jpg,2666.jpg,2528.jpg,2137.jpg
6,1730.jpg,1541.jpg,1566.jpg,1455.jpg,549.jpg,534.jpg,101.jpg,401.jpg,688.jpg,1038.jpg,693.jpg,982.jpg,2645.jpg,2551.jpg,2580.jpg,2392.jpg
7,1715.jpg,1690.jpg,1698.jpg,1666.jpg,35.jpg,209.jpg,340.jpg,247.jpg,1189.jpg,954.jpg,1424.jpg,877.jpg,2568.jpg,2313.jpg,2168.jpg,2514.jpg
8,1584.jpg,1434.jpg,2026.jpg,2057.jpg,665.jpg,66.jpg,488.jpg,393.jpg,1016.jpg,1270.jpg,1308.jpg,1204.jpg,2150.jpg,2098.jpg,2195.jpg,2419.jpg
9,1431.jpg,1668.jpg,1673.jpg,1559.jpg,456.jpg,434.jpg,600.jpg,106.jpg,1002.jpg,727.jpg,1099.jpg,744.jpg,2148.jpg,2242.jpg,2638.jpg,2181.jpg
10,1739.jpg,1885.jpg,1841.jpg,1443.jpg,229.jpg,145.jpg,152.jpg,107.jpg,721.jpg,958.jpg,1107.jpg,1376.jpg,2179.jpg,2130.jpg,2231.jpg,2452.jpg
11,2037.jpg,1854.jpg,1592.jpg,1929.jpg,528.jpg,524.jpg,651.jpg,5.jpg,1236.jpg,1333.jpg,1256.jpg,1260.jpg,2644.jpg,2625.jpg,2126.jpg,2541.jpg
12,1738.jpg,2069.jpg,1885.jpg,2049.jpg,645.jpg,631.jpg,322.jpg,639.jpg,918.jpg,1338.jpg,1147.jpg,1270.jpg,2570.jpg,2263.jpg,2132.jpg,2696.jpg
13,1589.jpg,1629.jpg,1677.jpg,1573.jpg,243.jpg,625.jpg,584.jpg,112.jpg,1194.jpg,799.jpg,1314.jpg,1080.jpg,2689.jpg,2156.jpg,2310.jpg,2583.jpg
14,1722.jpg,1620.jpg,1789.jpg,1545.jpg,463.jpg,283.jpg,339.jpg,97.jpg,1008.jpg,919.jpg,777.jpg,979.jpg,2496.jpg,2467.jpg,2615.jpg,2425.jpg
15,1452.jpg,1733.jpg,1957.jpg,1578.jpg,479.jpg,449.jpg,498.jpg,332.jpg,1151.jpg,852.jpg,1342.jpg,1135.jpg,2579.jpg,2342.jpg,2581.jpg,2301.jpg
16,1451.jpg,2022.jpg,1910.jpg,1794.jpg,264.jpg,472.jpg,171.jpg,373.jpg,693.jpg,1128.jpg,940.jpg,1217.jpg,2104.jpg,2728.jpg,2193.jpg,2213.jpg
17,1630.jpg,1747.jpg,1881.jpg,1440.jpg,655.jpg,228.jpg,118.jpg,672.jpg,975.jpg,1372.jpg,890.jpg,803.jpg,2714.jpg,2618.jpg,2467.jpg,2583.jpg
18,1466.jpg,2059.jpg,1516.jpg,1807.jpg,653.jpg,42.jpg,147.jpg,463.jpg,764.jpg,807.jpg,988.jpg,1143.jpg,2125.jpg,2252.jpg,2583.jpg,2633.jpg
19,2024.jpg,1455.jpg,1710.jpg,1836.jpg,200.jpg,531.jpg,453.jpg,396.jpg,877.jpg,1246.jpg,1413.jpg,973.jpg,2713.jpg,2330.jpg,2707.jpg,2363.jpg
20,2027.jpg,2028.jpg,1883.jpg,1461.jpg,16.jpg,509.jpg,171.jpg,597.jpg,683.jpg,690.jpg,1408.jpg,1081.jpg,2582.jpg,2402.jpg,2094.jpg,2216.jpg
21,1436.jpg,1850.jpg,1447.jpg,1946.jpg,343.jpg,199.jpg,270.jpg,400.jpg,1423.jpg,1234.jpg,1082.jpg,1358.jpg,2107.jpg,2188.jpg,2257.jpg,2634.jpg
22,1829.jpg,2039.jpg,1891.jpg,1840.jpg,199.jpg,291.jpg,347.jpg,538.jpg,684.jpg,1040.jpg,899.jpg,1308.jpg,2285.jpg,2109.jpg,2358.jpg,2503.jpg
23,1909.jpg,1452.jpg,1935.jpg,1486.jpg,291.jpg,78.jpg,372.jpg,602.jpg,1049.jpg,752.jpg,1336.jpg,882.jpg,2517.jpg,2334.jpg,2070.jpg,2686.jpg
24,1763.jpg,1843.jpg,1810.jpg,1750.jpg,466.jpg,445.jpg,10.jpg,512.jpg,687.jpg,975.jpg,1041.jpg,832.jpg,2703.jpg,2322.jpg,2555.jpg,2714.jpg
25,2040.jpg,2044.jpg,1891.jpg,1790.jpg,412.jpg,16.jpg,4.jpg,303.jpg,1073.jpg,1054.jpg,756.jpg,991.jpg,2722.jpg,2437.jpg,2710.jpg,2142.jpg
26,2023.jpg,2000.jpg,1889.jpg,1774.jpg,656.jpg,433.jpg,625.jpg,255.jpg,1187.jpg,1215.jpg,1395.jpg,835.jpg,2726.jpg,2467.jpg,2683.jpg,2735.jpg
27,1695.jpg,1977.jpg,1768.jpg,1846.jpg,195.jpg,20.jpg,548.jpg,417.jpg,725.jpg,1224.jpg,1189.jpg,1236.jpg,2448.jpg,2571.jpg,2375.jpg,2473.jpg
28,1688.jpg,1720.jpg,1984.jpg,1611.jpg,183.jpg,404.jpg,538.jpg,419.jpg,1426.jpg,1370.jpg,1361.jpg,1352.jpg,2435.jpg,2637.jpg,2150.jpg,2215.jpg
29,1700.jpg,2034.jpg,1933.jpg,1653.jpg,426.jpg,70.jpg,587.jpg,491.jpg,1205.jpg,1218.jpg,1074.jpg,1319.jpg,2507.jpg,2437.jpg,2234.jpg,2532.jpg
30,1462.jpg,1883.jpg,1684.jpg,1596.jpg,178.jpg,661.jpg,17.jpg,71.jpg,697.jpg,1148.jpg,1276.jpg,789.jpg,2335.jpg,2218.jpg,2170.jpg,2672.jpg
31,1798.jpg,2055.jpg,1674.jpg,1740.jpg,432.jpg,344.jpg,659.jpg,585.jpg,1207.jpg,1166.jpg,917.jpg,1122.jpg,2110.jpg,2730.jpg,2719.jpg,2734.jpg
32,2022.jpg,2011.jpg,1971.jpg,2050.jpg,671.jpg,149.jpg,655.jpg,507.jpg,1204.jpg,1120.jpg,698.jpg,707.jpg,2686.jpg,2697.jpg,2252.jpg,2207.jpg
33,1581.jpg,2013.jpg,1835.jpg,1564.jpg,409.jpg,101.jpg,55.jpg,393.jpg,702.jpg,797.jpg,1306.jpg,1009.jpg,2688.jpg,2664.jpg,2146.jpg,2653.jpg
34,1439.jpg,1485.jpg,1565.jpg,1867.jpg,290.jpg,661.jpg,567.jpg,633.jpg,1388.jpg,1099.jpg,950.jpg,1260.jpg,2338.jpg,2430.jpg,2114.jpg,2516.jpg
35,2042.jpg,1986.jpg,1604.jpg,1755.jpg,41.jpg,420.jpg,85.jpg,199.jpg,778.jpg,996.jpg,1430.jpg,751.jpg,2724.jpg,2209.jpg,2281.jpg,2673.jpg
36,1583.jpg,2010.jpg,1580.jpg,1892.jpg,255.jpg,451.jpg,266.jpg,317.jpg,746.jpg,1369.jpg,917.jpg,722.jpg,2450.jpg,2359.jpg,2251.jpg,2477.jpg
37,1460.jpg,1597.jpg,1483.jpg,1890.jpg,0.jpg,337.jpg,636.jpg,109.jpg,1214.jpg,782.jpg,1379.jpg,901.jpg,2281.jpg,2284.jpg,2187.jpg,2703.jpg
38,1538.jpg,1838.jpg,1825.jpg,1769.jpg,150.jpg,555.jpg,240.jpg,3.jpg,1241.jpg,714.jpg,988.jpg,948.jpg,2560.jpg,2234.jpg,2678.jpg,2685.jpg
39,2064.jpg,1475.jpg,1612.jpg,1628.jpg,662.jpg,52.jpg,396.jpg,655.jpg,1309.jpg,1376.jpg,1358.jpg,1191.jpg,2510.jpg,2431.jpg,2612.jpg,2151.jpg
40,1701.jpg,1432.jpg,1609.jpg,2048.jpg,525.jpg,602.jpg,363.jpg,207.jpg,1313.jpg,1323.jpg,1154.jpg,1416.jpg,2452.jpg,2277.jpg,2306.jpg,2511.jpg
41,2044.jpg,1932.jpg,1754.jpg,1991.jpg,548.jpg,638.jpg,342.jpg,387.jpg,1215.jpg,820.jpg,1372.jpg,1330.jpg,2172.jpg,2720.jpg,2513.jpg,2699.jpg
42,1652.jpg,1801.jpg,1838.jpg,1811.jpg,500.jpg,315.jpg,114.jpg,173.jpg,1221.jpg,1071.jpg,932.jpg,704.jpg,2657.jpg,2236.jpg,2483.jpg,2434.jpg
43,1441.jpg,1536.jpg,1678.jpg,1607.jpg,499.jpg,566.jpg,370.jpg,37.jpg,1213.jpg,778.jpg,1364.jpg,1003.jpg,2436.jpg,2524.jpg,2733.jpg,2093.jpg
44,1449.jpg,1687.jpg,2014.jpg,1635.jpg,433.jpg,397.jpg,323.jpg,453.jpg,707.jpg,1114.jpg,1046.jpg,1375.jpg,2369.jpg,2094.jpg,2396.jpg,2558.jpg
45,1437.jpg,2043.jpg,1808.jpg,1824.jpg,577.jpg,314.jpg,226.jpg,131.jpg,723.jpg,760.jpg,884.jpg,1370.jpg,2701.jpg,2448.jpg,2427.jpg,2443.jpg
46,1900.jpg,1779.jpg,1888.jpg,1773.jpg,496.jpg,260.jpg,679.jpg,595.jpg,1248.jpg,766.jpg,1045.jpg,913.jpg,2577.jpg,2325.jpg,2487.jpg,2340.jpg
47,1757.jpg,1613.jpg,2021.jpg,1457.jpg,494.jpg,237.jpg,582.jpg,365.jpg,1212.jpg,812.jpg,788.jpg,815.jpg,2490.jpg,2148.jpg,2449.jpg,2161.jpg
48,1562.jpg,1460.jpg,1577.jpg,1968.jpg,481.jpg,535.jpg,133.jpg,268.jpg,1208.jpg,1387.jpg,736.jpg,867.jpg,2720.jpg,2189.jpg,2407.jpg,2464.jpg
49,1689.jpg,1828.jpg,1773.jpg,1804.jpg,4.jpg,448.jpg,178.jpg,142.jpg,1201.jpg,1236.jpg,705.jpg,931.jpg,2337.jpg,2571.jpg,2650.jpg,2443.jpg
50,2057.jpg,1604.jpg,2020.jpg,1823.jpg,444.jpg,527.jpg,212.jpg,139.jpg,1400.jpg,891.jpg,1349.jpg,724.jpg,2550.jpg,2278.jpg,2214.jpg,2195.jpg
51,1741.jpg,1913.jpg,1703.jpg,1872.jpg,332.jpg,560.jpg,263.jpg,91.jpg,1429.jpg,933.jpg,782.jpg,1304.jpg,2614.jpg,2428.jpg,2585.jpg,2445.jpg
52,1723.jpg,1689.jpg,1676.jpg,1714.jpg,472.jpg,632.jpg,389.jpg,500.jpg,1193.jpg,996.jpg,790.jpg,953.jpg,2160.jpg,2577.jpg,2325.jpg,2451.jpg
53,2063.jpg,1493.jpg,1446.jpg,1512.jpg,25.jpg,152.jpg,93.jpg,595.jpg,1409.jpg,718.jpg,1038.jpg,1273.jpg,2669.jpg,2678.jpg,2708.jpg,2290.jpg
54,1823.jpg,1927.jpg,1986.jpg,1434.jpg,587.jpg,605.jpg,355.jpg,182.jpg,1237.jpg,1342.jpg,1142.jpg,934.jpg,2558.jpg,2235.jpg,2348.jpg,2253.jpg
55,1729.jpg,1787.jpg,1914.jpg,1554.jpg,193.jpg,76.jpg,41.jpg,580.jpg,1298.jpg,1205.jpg,1375.jpg,693.jpg,2201.jpg,2123.jpg,2578.jpg,2163.jpg
56,1567.jpg,1757.jpg,1804.jpg,1871.jpg,612.jpg,664.jpg,137.jpg,376.jpg,1302.jpg,792.jpg,952.jpg,926.jpg,2143.jpg,2428.jpg,2167.jpg,2213.jpg
57,2058.jpg,1724.jpg,1641.jpg,1790.jpg,147.jpg,281.jpg,619.jpg,448.jpg,1306.jpg,792.jpg,1115.jpg,1302.jpg,2588.jpg,2566.jpg,2419.jpg,2303.jpg
58,1917.jpg,1455.jpg,1757.jpg,1801.jpg,449.jpg,511.jpg,116.jpg,271.jpg,1252.jpg,867.jpg,1338.jpg,996.jpg,2071.jpg,2407.jpg,2304.jpg,2698.jpg
59,2060.jpg,1486.jpg,1668.jpg,1469.jpg,169.jpg,147.jpg,226.jpg,194.jpg,736.jpg,763.jpg,923.jpg,1396.jpg,2170.jpg,2308.jpg,2644.jpg,2361.jpg
60,1481.jpg,1529.jpg,1595.jpg,1725.jpg,636.jpg,602.jpg,331.jpg,207.jpg,1310.jpg,880.jpg,909.jpg,944.jpg,2431.jpg,2244.jpg,2307.jpg,2192.jpg
61,2020.jpg,1898.jpg,1765.jpg,1628.jpg,597.jpg,62.jpg,76.jpg,98.jpg,1307.jpg,1218.jpg,830.jpg,857.jpg,2200.jpg,2705.jpg,2492.jpg,2648.jpg
62,1433.jpg,2018.jpg,1497.jpg,1463.jpg,457.jpg,81.jpg,93.jpg,445.jpg,1278.jpg,1255.jpg,881.jpg,791.jpg,2165.jpg,2653.jpg,2353.jpg,2457.jpg
63,1672.jpg,1910.jpg,1908.jpg,1682.jpg,155.jpg,296.jpg,553.jpg,86.jpg,1277.jpg,1203.jpg,1240.jpg,847.jpg,2727.jpg,2206.jpg,2229.jpg,2170.jpg
64,1620.jpg,1630.jpg,1839.jpg,1998.jpg,644.jpg,457.jpg,225.jpg,196.jpg,1358.jpg,1319.jpg,1379.jpg,1256.jpg,2649.jpg,2172.jpg,2209.jpg,2637.jpg
65,1477.jpg,1822.jpg,1850.jpg,1567.jpg,442.jpg,361.jpg,452.jpg,667.jpg,943.jpg,1342.jpg,974.jpg,1113.jpg,2593.jpg,2325.jpg,2390.jpg,2600.jpg
66,1473.jpg,1730.jpg,1808.jpg,1778.jpg,430.jpg,453.jpg,510.jpg,398.jpg,1330.jpg,1204.jpg,1306.jpg,744.jpg,2133.jpg,2621.jpg,2383.jpg,2615.jpg
67,1645.jpg,1515.jpg,1855.jpg,2054.jpg,502.jpg,423.jpg,31.jpg,605.jpg,1327.jpg,815.jpg,975.jpg,754.jpg,2213.jpg,2502.jpg,2340.jpg,2548.jpg
68,1892.jpg,2006.jpg,1659.jpg,1785.jpg,488.jpg,294.jpg,18.jpg,413.jpg,1391.jpg,800.jpg,930.jpg,1417.jpg,2188.jpg,2318.jpg,2548.jpg,2345.jpg
69,1570.jpg,1880.jpg,1549.jpg,1668.jpg,621.jpg,200.jpg,436.jpg,594.jpg,728.jpg,1385.jpg,957.jpg,799.jpg,2705.jpg,2273.jpg,2460.jpg,2645.jpg
70,1840.jpg,1746.jpg,1787.jpg,1900.jpg,182.jpg,410.jpg,278.jpg,100.jpg,766.jpg,958.jpg,1003.jpg,1136.jpg,2463.jpg,2436.jpg,2686.jpg,2557.jpg
71,1654.jpg,1783.jpg,1935.jpg,1671.jpg,20.jpg,537.jpg,162.jpg,111.jpg,1047.jpg,1367.jpg,782.jpg,871.jpg,2741.jpg,2322.jpg,2484.jpg,2401.jpg
72,1906.jpg,1475.jpg,2032.jpg,1726.jpg,485.jpg,360.jpg,667.jpg,630.jpg,983.jpg,1211.jpg,1125.jpg,763.jpg,2212.jpg,2134.jpg,2221.jpg,2215.jpg
73,1564.jpg,1968.jpg,1643.jpg,1554.jpg,36.jpg,48.jpg,651.jpg,362.jpg,714.jpg,709.jpg,1426.jpg,819.jpg,2465.jpg,2479.jpg,2250.jpg,2553.jpg
74,1867.jpg,1642.jpg,2064.jpg,1710.jpg,509.jpg,117.jpg,603.jpg,376.jpg,1366.jpg,729.jpg,689.jpg,846.jpg,2533.jpg,2714.jpg,2201.jpg,2647.jpg
75,1914.jpg,1767.jpg,1826.jpg,1704.jpg,555.jpg,457.jpg,107.jpg,432.jpg,1320.jpg,1088.jpg,1376.jpg,1149.jpg,2178.jpg,2462.jpg,2376.jpg,2286.jpg
76,1897.jpg,1933.jpg,1646.jpg,1616.jpg,194.jpg,102.jpg,668.jpg,136.jpg,1325.jpg,762.jpg,1362.jpg,780.jpg,2091.jpg,2285.jpg,2339.jpg,2389.jpg
77,2030.jpg,1920.jpg,1967.jpg,1905.jpg,611.jpg,336.jpg,602.jpg,542.jpg,1343.jpg,824.jpg,1221.jpg,1351.jpg,2203.jpg,2448.jpg,2124.jpg,2075.jpg
78,1918.jpg,2060.jpg,1848.jpg,1668.jpg,295.jpg,211.jpg,637.jpg,285.jpg,1321.jpg,1106.jpg,1343.jpg,1165.jpg,2617.jpg,2120.jpg,2073.jpg,2646.jpg
79,1866.jpg,1477.jpg,2069.jpg,1464.jpg,269.jpg,19.jpg,568.jpg,287.jpg,759.jpg,1369.jpg,1388.jpg,1213.jpg,2086.jpg,2449.jpg,2438.jpg,2702.jpg
80,1976.jpg,1812.jpg,2017.jpg,1471.jpg,464.jpg,592.jpg,493.jpg,521.jpg,1370.jpg,852.jpg,1106.jpg,1345.jpg,2189.jpg,2091.jpg,2721.jpg,2300.jpg
81,1878.jpg,1687.jpg,1640.jpg,1453.jpg,623.jpg,627.jpg,229.jpg,312.jpg,871.jpg,698.jpg,1070.jpg,771.jpg,2491.jpg,2623.jpg,2072.jpg,2590.jpg
82,1537.jpg,1897.jpg,1661.jpg,1919.jpg,439.jpg,262.jpg,607.jpg,250.jpg,738.jpg,1377.jpg,1002.jpg,1222.jpg,2598.jpg,2577.jpg,2638.jpg,2207.jpg
83,1532.jpg,1647.jpg,1951.jpg,2017.jpg,614.jpg,150.jpg,186.jpg,91.jpg,740.jpg,829.jpg,1134.jpg,717.jpg,2631.jpg,2454.jpg,2428.jpg,2638.jpg
84,1981.jpg,1848.jpg,1824.jpg,1888.jpg,542.jpg,101.jpg,118.jpg,136.jpg,1362.jpg,1364.jpg,936.jpg,1333.jpg,2182.jpg,2366.jpg,2670.jpg,2638.jpg
85,1523.jpg,1743.jpg,1974.jpg,1742.jpg,437.jpg,679.jpg,295.jpg,447.jpg,747.jpg,790.jpg,894.jpg,1117.jpg,2175.jpg,2411.jpg,2325.jpg,2181.jpg
86,1624.jpg,1594.jpg,1982.jpg,1623.jpg,188.jpg,213.jpg,252.jpg,221.jpg,1322.jpg,1015.jpg,1065.jpg,765.jpg,2083.jpg,2595.jpg,2686.jpg,2505.jpg
87,1603.jpg,1503.jpg,1556.jpg,1955.jpg,536.jpg,680.jpg,667.jpg,211.jpg,1367.jpg,1140.jpg,834.jpg,1029.jpg,2522.jpg,2256.jpg,2723.jpg,2536.jpg
88,1505.jpg,1589.jpg,1700.jpg,1519.jpg,458.jpg,573.jpg,201.jpg,66.jpg,1198.jpg,1371.jpg,1428.jpg,788.jpg,2735.jpg,2314.jpg,2467.jpg,2591.jpg
89,1668.jpg,1807.jpg,1802.jpg,1962.jpg,578.jpg,149.jpg,183.jpg,631.jpg,1364.jpg,1401.jpg,1190.jpg,1044.jpg,2619.jpg,2405.jpg,2186.jpg,2304.jpg
90,1727.jpg,1782.jpg,1718.jpg,1779.jpg,252.jpg,5.jpg,211.jpg,381.jpg,1377.jpg,913.jpg,712.jpg,886.jpg,2196.jpg,2312.jpg,2431.jpg,2500.jpg
91,1714.jpg,1725.jpg,1778.jpg,1756.jpg,9.jpg,501.jpg,679.jpg,137.jpg,761.jpg,1342.jpg,1367.jpg,1366.jpg,2723.jpg,2530.jpg,2102.jpg,2168.jpg
92,1911.jpg,1985.jpg,1715.jpg,1920.jpg,425.jpg,677.jpg,603.jpg,501.jpg,1161.jpg,1328.jpg,988.jpg,1414.jpg,2682.jpg,2610.jpg,2471.jpg,2124.jpg
93,1827.jpg,1593.jpg,1508.jpg,1609.jpg,12.jpg,90.jpg,262.jpg,679.jpg,875.jpg,957.jpg,1207.jpg,707.jpg,2163.jpg,2267.jpg,2484.jpg,2342.jpg
94,1830.jpg,1645.jpg,1893.jpg,1718.jpg,630.jpg,215.jpg,575.jpg,182.jpg,998.jpg,1414.jpg,770.jpg,1008.jpg,2622.jpg,2577.jpg,2379.jpg,2575.jpg
95,1744.jpg,1746.jpg,2026.jpg,1655.jpg,273.jpg,310.jpg,111.jpg,548.jpg,961.jpg,1212.jpg,1178.jpg,1219.jpg,2700.jpg,2184.jpg,2198.jpg,2159.jpg
96,1519.jpg,1539.jpg,1890.jpg,1731.jpg,553.jpg,210.jpg,376.jpg,619.jpg,768.jpg,1139.jpg,1024.jpg,1350.jpg,2100.jpg,2715.jpg,2123.jpg,2274.jpg
97,1810.jpg,1803.jpg,1979.jpg,1464.jpg,43.jpg,162.jpg,219.jpg,347.jpg,880.jpg,1347.jpg,1405.jpg,1078.jpg,2085.jpg,2539.jpg,2489.jpg,2638.jpg
98,1495.jpg,1579.jpg,1557.jpg,2060.jpg,531.jpg,413.jpg,458.jpg,631.jpg,883.jpg,692.jpg,860.jpg,1360.jpg,2310.jpg,2657.jpg,2413.jpg,2238.jpg
99,2036.jpg,1470.jpg,1543.jpg,1828.jpg,473.jpg,132.jpg,520.jpg,0.jpg,888.jpg,720.jpg,1133.jpg,1163.jpg,2186.jpg,2392.jpg,2290.jpg,2373.jpg
