0,617.jpg,760.jpg,1748.jpg,1018.jpg,866.jpg,627.jpg,754.jpg,2232.jpg,1494.jpg,1159.jpg,711.jpg,2149.jpg,909.jpg,1127.jpg,839.jpg,830.jpg
1,715.jpg,2697.jpg,1835.jpg,170.jpg,1447.jpg,1418.jpg,1386.jpg,1320.jpg,1234.jpg,2434.jpg,1375.jpg,86.jpg,796.jpg,1008.jpg,897.jpg,746.jpg
2,767.jpg,2485.jpg,1391.jpg,2303.jpg,414.jpg,1120.jpg,1153.jpg,1985.jpg,714.jpg,1308.jpg,408.jpg,1298.jpg,973.jpg,1820.jpg,1226.jpg,752.jpg
3,1603.jpg,1065.jpg,1138.jpg,201.jpg,990.jpg,795.jpg,1310.jpg,1172.jpg,231.jpg,1151.jpg,2736.jpg,958.jpg,1969.jpg,2109.jpg,1233.jpg,954.jpg
4,1327.jpg,1954.jpg,967.jpg,922.jpg,2692.jpg,755.jpg,1078.jpg,1377.jpg,162.jpg,914.jpg,195.jpg,874.jpg,753.jpg,1063.jpg,2665.jpg,1681.jpg
5,982.jpg,1427.jpg,938.jpg,464.jpg,1846.jpg,2079.jpg,413.jpg,1114.jpg,706.jpg,737.jpg,2177.jpg,794.jpg,988.jpg,1448.jpg,824.jpg,1007.jpg
6,2631.jpg,1132.jpg,1907.jpg,1188.jpg,1277.jpg,2075.jpg,1421.jpg,409.jpg,857.jpg,1980.jpg,742.jpg,1097.jpg,125.jpg,728.jpg,751.jpg,1037.jpg
7,1066.jpg,709.jpg,1189.jpg,828.jpg,800.jpg,1645.jpg,733.jpg,2442.jpg,745.jpg,884.jpg,1221.jpg,73.jpg,1361.jpg,660.jpg,1522.jpg,2272.jpg
8,1071.jpg,2486.jpg,1958.jpg,826.jpg,1315.jpg,749.jpg,1236.jpg,1101.jpg,962.jpg,966.jpg,104.jpg,1384.jpg,108.jpg,1510.jpg,2099.jpg,1117.jpg
9,295.jpg,1597.jpg,2347.jpg,694.jpg,821.jpg,934.jpg,2619.jpg,877.jpg,1766.jpg,1252.jpg,808.jpg,1229.jpg,122.jpg,802.jpg,1325.jpg,790.jpg
10,1399.jpg,964.jpg,2325.jpg,983.jpg,1578.jpg,721.jpg,1240.jpg,1382.jpg,2273.jpg,675.jpg,322.jpg,836.jpg,1057.jpg,2045.jpg,1020.jpg,1056.jpg
11,337.jpg,2165.jpg,1225.jpg,705.jpg,1403.jpg,875.jpg,1270.jpg,763.jpg,1697.jpg,2536.jpg,827.jpg,116.jpg,1224.jpg,1038.jpg,1005.jpg,1647.jpg
12,1253.jpg,778.jpg,248.jpg,1145.jpg,1271.jpg,2376.jpg,1164.jpg,1549.jpg,1062.jpg,845.jpg,2203.jpg,1029.jpg,1185.jpg,1432.jpg,1173.jpg,521.jpg
13,1061.jpg,1044.jpg,2549.jpg,1021.jpg,1261.jpg,999.jpg,1121.jpg,1123.jpg,1683.jpg,1758.jpg,2628.jpg,1302.jpg,564.jpg,880.jpg,606.jpg,833.jpg
14,791.jpg,110.jpg,1079.jpg,1017.jpg,1045.jpg,2704.jpg,1526.jpg,1015.jpg,2563.jpg,686.jpg,1011.jpg,708.jpg,761.jpg,858.jpg,1812.jpg,30.jpg
15,1622.jpg,2655.jpg,1135.jpg,1411.jpg,394.jpg,140.jpg,1422.jpg,797.jpg,1409.jpg,1552.jpg,1345.jpg,849.jpg,2634.jpg,1073.jpg,781.jpg,840.jpg
16,945.jpg,921.jpg,1111.jpg,1429.jpg,659.jpg,454.jpg,2215.jpg,1731.jpg,1022.jpg,1495.jpg,2191.jpg,1032.jpg,820.jpg,1165.jpg,1329.jpg,1152.jpg
17,671.jpg,1363.jpg,1076.jpg,316.jpg,747.jpg,1471.jpg,2639.jpg,872.jpg,1313.jpg,2009.jpg,1348.jpg,2409.jpg,902.jpg,928.jpg,1019.jpg,1241.jpg
18,963.jpg,799.jpg,621.jpg,1784.jpg,1420.jpg,1993.jpg,911.jpg,726.jpg,2381.jpg,1273.jpg,991.jpg,2164.jpg,1262.jpg,685.jpg,133.jpg,1413.jpg
19,1053.jpg,798.jpg,865.jpg,732.jpg,1099.jpg,1000.jpg,1183.jpg,1214.jpg,2193.jpg,974.jpg,2603.jpg,350.jpg,1347.jpg,1775.jpg,1591.jpg,355.jpg
20,984.jpg,1191.jpg,901.jpg,106.jpg,855.jpg,2458.jpg,1190.jpg,418.jpg,2553.jpg,1260.jpg,1213.jpg,913.jpg,1610.jpg,835.jpg,2043.jpg,713.jpg
21,851.jpg,1531.jpg,1392.jpg,1309.jpg,925.jpg,2300.jpg,1786.jpg,844.jpg,1369.jpg,1139.jpg,1067.jpg,560.jpg,1178.jpg,2533.jpg,488.jpg,1338.jpg
22,1084.jpg,1300.jpg,589.jpg,2263.jpg,1383.jpg,1668.jpg,948.jpg,1631.jpg,1054.jpg,2362.jpg,1133.jpg,1249.jpg,1072.jpg,1317.jpg,210.jpg,1014.jpg
23,1060.jpg,756.jpg,924.jpg,1664.jpg,942.jpg,868.jpg,1137.jpg,1049.jpg,818.jpg,1745.jpg,2528.jpg,287.jpg,2417.jpg,862.jpg,307.jpg,1096.jpg
24,1250.jpg,1119.jpg,1107.jpg,1759.jpg,2080.jpg,1343.jpg,976.jpg,1662.jpg,944.jpg,142.jpg,1027.jpg,804.jpg,941.jpg,819.jpg,2106.jpg,46.jpg
25,816.jpg,405.jpg,734.jpg,1206.jpg,1881.jpg,805.jpg,807.jpg,534.jpg,899.jpg,2225.jpg,1090.jpg,1035.jpg,1265.jpg,1729.jpg,1312.jpg,2411.jpg
26,1102.jpg,1734.jpg,1410.jpg,1385.jpg,2372.jpg,92.jpg,2702.jpg,809.jpg,1360.jpg,53.jpg,1275.jpg,722.jpg,1400.jpg,1243.jpg,766.jpg,1541.jpg
27,1184.jpg,1394.jpg,860.jpg,1805.jpg,803.jpg,2710.jpg,1330.jpg,347.jpg,1257.jpg,1104.jpg,961.jpg,1972.jpg,645.jpg,943.jpg,2141.jpg,1109.jpg
28,2313.jpg,129.jpg,927.jpg,2038.jpg,783.jpg,114.jpg,768.jpg,1215.jpg,1430.jpg,867.jpg,1157.jpg,1131.jpg,1497.jpg,759.jpg,2489.jpg,1155.jpg
29,2524.jpg,1398.jpg,2019.jpg,935.jpg,719.jpg,1419.jpg,2145.jpg,730.jpg,1884.jpg,1258.jpg,1274.jpg,310.jpg,1335.jpg,1176.jpg,622.jpg,1144.jpg
