0,96.jpg,583.jpg,1494.jpg,2232.jpg,2149.jpg,678.jpg,1748.jpg,216.jpg,1425.jpg,157.jpg,1322.jpg,424.jpg,145.jpg,582.jpg,93.jpg,288.jpg
1,22.jpg,553.jpg,2434.jpg,323.jpg,571.jpg,38.jpg,44.jpg,162.jpg,2697.jpg,102.jpg,1190.jpg,1447.jpg,628.jpg,1239.jpg,1835.jpg,273.jpg
2,529.jpg,321.jpg,2303.jpg,2485.jpg,1985.jpg,269.jpg,1820.jpg,509.jpg,1317.jpg,634.jpg,706.jpg,402.jpg,523.jpg,86.jpg,417.jpg,114.jpg
3,227.jpg,2109.jpg,2.jpg,1603.jpg,410.jpg,1969.jpg,391.jpg,267.jpg,2736.jpg,403.jpg,673.jpg,975.jpg,576.jpg,1126.jpg,647.jpg,190.jpg
4,1954.jpg,1172.jpg,2692.jpg,2665.jpg,1198.jpg,1681.jpg,281.jpg,236.jpg,84.jpg,546.jpg,318.jpg,672.jpg,512.jpg,231.jpg,514.jpg,345.jpg
5,772.jpg,1448.jpg,220.jpg,1009.jpg,2079.jpg,246.jpg,9.jpg,654.jpg,133.jpg,36.jpg,554.jpg,2177.jpg,1846.jpg,319.jpg,34.jpg,472.jpg
6,1267.jpg,303.jpg,548.jpg,1980.jpg,75.jpg,2075.jpg,1324.jpg,351.jpg,581.jpg,53.jpg,552.jpg,138.jpg,1907.jpg,2631.jpg,455.jpg,555.jpg
7,407.jpg,380.jpg,1312.jpg,1522.jpg,521.jpg,1645.jpg,2272.jpg,1133.jpg,2442.jpg,448.jpg,457.jpg,652.jpg,177.jpg,32.jpg,175.jpg,629.jpg
8,711.jpg,501.jpg,565.jpg,1274.jpg,56.jpg,39.jpg,158.jpg,1958.jpg,502.jpg,2099.jpg,2486.jpg,374.jpg,377.jpg,593.jpg,517.jpg,1510.jpg
9,882.jpg,1766.jpg,2619.jpg,159.jpg,392.jpg,1597.jpg,224.jpg,1394.jpg,119.jpg,208.jpg,515.jpg,280.jpg,221.jpg,2347.jpg,263.jpg,365.jpg
10,354.jpg,1578.jpg,633.jpg,63.jpg,2045.jpg,2325.jpg,2273.jpg,620.jpg,611.jpg,255.jpg,466.jpg,1029.jpg,624.jpg,1187.jpg,621.jpg,477.jpg
11,2165.jpg,151.jpg,233.jpg,74.jpg,358.jpg,167.jpg,229.jpg,308.jpg,136.jpg,1697.jpg,1375.jpg,2536.jpg,1647.jpg,1045.jpg,350.jpg,538.jpg
12,137.jpg,55.jpg,496.jpg,728.jpg,544.jpg,1058.jpg,95.jpg,2203.jpg,2376.jpg,447.jpg,371.jpg,212.jpg,619.jpg,97.jpg,1549.jpg,1432.jpg
13,343.jpg,150.jpg,415.jpg,191.jpg,355.jpg,884.jpg,425.jpg,352.jpg,531.jpg,107.jpg,1758.jpg,984.jpg,1683.jpg,414.jpg,2628.jpg,2549.jpg
14,260.jpg,487.jpg,1812.jpg,209.jpg,2704.jpg,1.jpg,245.jpg,1388.jpg,464.jpg,1265.jpg,344.jpg,2563.jpg,111.jpg,422.jpg,1526.jpg,135.jpg
15,140.jpg,602.jpg,543.jpg,339.jpg,2634.jpg,1552.jpg,2655.jpg,401.jpg,435.jpg,320.jpg,1622.jpg,70.jpg,856.jpg,584.jpg,909.jpg,360.jpg
16,809.jpg,443.jpg,384.jpg,240.jpg,66.jpg,182.jpg,470.jpg,2191.jpg,156.jpg,1495.jpg,572.jpg,426.jpg,2215.jpg,1731.jpg,307.jpg,727.jpg
17,2639.jpg,1160.jpg,2409.jpg,168.jpg,292.jpg,1471.jpg,456.jpg,606.jpg,479.jpg,2009.jpg,383.jpg,597.jpg,437.jpg,296.jpg,181.jpg,980.jpg
18,1355.jpg,558.jpg,421.jpg,214.jpg,1254.jpg,533.jpg,186.jpg,2381.jpg,2164.jpg,0.jpg,1784.jpg,60.jpg,132.jpg,429.jpg,1993.jpg,665.jpg
19,440.jpg,219.jpg,617.jpg,361.jpg,2193.jpg,642.jpg,2603.jpg,733.jpg,1775.jpg,340.jpg,90.jpg,637.jpg,562.jpg,1002.jpg,20.jpg,1591.jpg
20,599.jpg,1610.jpg,395.jpg,462.jpg,648.jpg,232.jpg,2458.jpg,2553.jpg,329.jpg,924.jpg,1101.jpg,471.jpg,91.jpg,2043.jpg,530.jpg,80.jpg
21,184.jpg,309.jpg,833.jpg,1786.jpg,656.jpg,601.jpg,580.jpg,489.jpg,802.jpg,2300.jpg,559.jpg,658.jpg,527.jpg,1531.jpg,2533.jpg,204.jpg
22,1070.jpg,312.jpg,1631.jpg,211.jpg,1668.jpg,441.jpg,37.jpg,346.jpg,525.jpg,2263.jpg,348.jpg,2362.jpg,1422.jpg,535.jpg,218.jpg,142.jpg
23,194.jpg,534.jpg,92.jpg,1176.jpg,183.jpg,816.jpg,1745.jpg,412.jpg,657.jpg,1664.jpg,2528.jpg,2417.jpg,615.jpg,68.jpg,341.jpg,612.jpg
24,58.jpg,442.jpg,500.jpg,1759.jpg,1662.jpg,2106.jpg,452.jpg,2080.jpg,770.jpg,275.jpg,1094.jpg,315.jpg,243.jpg,386.jpg,148.jpg,314.jpg
25,130.jpg,200.jpg,784.jpg,2225.jpg,2411.jpg,1060.jpg,203.jpg,238.jpg,359.jpg,626.jpg,85.jpg,268.jpg,1881.jpg,106.jpg,1729.jpg,590.jpg
26,153.jpg,498.jpg,887.jpg,259.jpg,604.jpg,1219.jpg,313.jpg,468.jpg,1734.jpg,2702.jpg,2372.jpg,1541.jpg,169.jpg,510.jpg,594.jpg,483.jpg
27,170.jpg,105.jpg,849.jpg,2141.jpg,532.jpg,588.jpg,27.jpg,1972.jpg,1145.jpg,2710.jpg,473.jpg,12.jpg,451.jpg,128.jpg,1805.jpg,270.jpg
28,664.jpg,77.jpg,87.jpg,2313.jpg,503.jpg,579.jpg,2038.jpg,152.jpg,1227.jpg,78.jpg,1497.jpg,1411.jpg,454.jpg,2489.jpg,649.jpg,563.jpg
29,40.jpg,614.jpg,917.jpg,113.jpg,146.jpg,366.jpg,499.jpg,631.jpg,1884.jpg,2524.jpg,253.jpg,166.jpg,2145.jpg,838.jpg,2019.jpg,42.jpg
