0,2481.jpg,627.jpg,1322.jpg,1494.jpg,1748.jpg,2484.jpg,1425.jpg,2338.jpg,2568.jpg,2401.jpg,2649.jpg,2379.jpg,2345.jpg,2326.jpg,2253.jpg,617.jpg
1,2471.jpg,2682.jpg,2202.jpg,2586.jpg,2294.jpg,2244.jpg,1835.jpg,2350.jpg,1239.jpg,170.jpg,2311.jpg,1190.jpg,2374.jpg,1447.jpg,86.jpg,2606.jpg
2,706.jpg,2111.jpg,2434.jpg,2605.jpg,2169.jpg,1985.jpg,2681.jpg,2282.jpg,2371.jpg,2360.jpg,1820.jpg,1317.jpg,408.jpg,2084.jpg,2424.jpg,414.jpg
3,2700.jpg,2406.jpg,2301.jpg,2131.jpg,201.jpg,231.jpg,1969.jpg,1603.jpg,2547.jpg,2176.jpg,2447.jpg,2298.jpg,1126.jpg,2493.jpg,2305.jpg,975.jpg
4,2123.jpg,1954.jpg,2530.jpg,2418.jpg,1198.jpg,2113.jpg,2616.jpg,2355.jpg,2403.jpg,162.jpg,195.jpg,1681.jpg,2430.jpg,2741.jpg,1172.jpg,2592.jpg
5,2222.jpg,2543.jpg,2091.jpg,2657.jpg,1846.jpg,2621.jpg,413.jpg,2456.jpg,464.jpg,1009.jpg,772.jpg,2271.jpg,2633.jpg,2536.jpg,2128.jpg,1448.jpg
6,2725.jpg,1267.jpg,2081.jpg,2625.jpg,2085.jpg,1980.jpg,1324.jpg,125.jpg,2577.jpg,2684.jpg,2599.jpg,1907.jpg,2734.jpg,2421.jpg,2358.jpg,409.jpg
7,2409.jpg,2267.jpg,73.jpg,1312.jpg,1133.jpg,1645.jpg,2719.jpg,2486.jpg,2651.jpg,2417.jpg,660.jpg,2173.jpg,2722.jpg,2228.jpg,1522.jpg,2688.jpg
8,2425.jpg,2488.jpg,2129.jpg,2619.jpg,108.jpg,2175.jpg,2608.jpg,2242.jpg,1510.jpg,1274.jpg,2138.jpg,104.jpg,711.jpg,1958.jpg,2367.jpg,2157.jpg
9,2252.jpg,882.jpg,2108.jpg,2636.jpg,2180.jpg,2372.jpg,122.jpg,2656.jpg,1766.jpg,2581.jpg,1394.jpg,295.jpg,2265.jpg,2115.jpg,2467.jpg,1597.jpg
10,2462.jpg,322.jpg,2691.jpg,1029.jpg,2045.jpg,1187.jpg,2073.jpg,1578.jpg,675.jpg,2604.jpg,2659.jpg,2381.jpg,2431.jpg,2492.jpg,2420.jpg,2209.jpg
11,2300.jpg,1375.jpg,2602.jpg,2626.jpg,2100.jpg,2472.jpg,2139.jpg,116.jpg,337.jpg,2248.jpg,1647.jpg,2714.jpg,1697.jpg,1045.jpg,2537.jpg,2229.jpg
12,2724.jpg,2105.jpg,248.jpg,2594.jpg,2501.jpg,2333.jpg,2439.jpg,1058.jpg,1432.jpg,2611.jpg,1549.jpg,2364.jpg,521.jpg,2580.jpg,2132.jpg,728.jpg
13,2346.jpg,2436.jpg,2203.jpg,2395.jpg,2645.jpg,564.jpg,2411.jpg,2623.jpg,2444.jpg,884.jpg,606.jpg,1683.jpg,1758.jpg,2227.jpg,2082.jpg,984.jpg
14,30.jpg,2419.jpg,110.jpg,2429.jpg,2445.jpg,1526.jpg,2144.jpg,1265.jpg,2433.jpg,2290.jpg,2324.jpg,2362.jpg,2587.jpg,2703.jpg,1812.jpg,1388.jpg
15,2112.jpg,1552.jpg,2598.jpg,2281.jpg,140.jpg,2505.jpg,2478.jpg,1622.jpg,394.jpg,909.jpg,2210.jpg,2303.jpg,2328.jpg,2482.jpg,856.jpg,2415.jpg
16,2352.jpg,2408.jpg,2268.jpg,2727.jpg,727.jpg,2521.jpg,1495.jpg,2738.jpg,2627.jpg,2160.jpg,2646.jpg,454.jpg,659.jpg,809.jpg,1731.jpg,2559.jpg
17,2136.jpg,671.jpg,2369.jpg,1160.jpg,2404.jpg,980.jpg,2718.jpg,2249.jpg,2524.jpg,2641.jpg,316.jpg,1471.jpg,2092.jpg,2262.jpg,2124.jpg,2009.jpg
18,1254.jpg,133.jpg,2515.jpg,621.jpg,1993.jpg,2251.jpg,2390.jpg,2199.jpg,2617.jpg,2321.jpg,2319.jpg,2273.jpg,1784.jpg,2535.jpg,1355.jpg,2720.jpg
19,2669.jpg,2634.jpg,2413.jpg,2470.jpg,350.jpg,2449.jpg,1002.jpg,355.jpg,2742.jpg,2732.jpg,2658.jpg,1775.jpg,1591.jpg,733.jpg,2723.jpg,2135.jpg
20,2184.jpg,924.jpg,1101.jpg,2309.jpg,1610.jpg,418.jpg,2475.jpg,2519.jpg,2215.jpg,2432.jpg,2423.jpg,2043.jpg,2397.jpg,2500.jpg,106.jpg,2696.jpg
21,2161.jpg,833.jpg,2147.jpg,488.jpg,2107.jpg,2280.jpg,560.jpg,2593.jpg,802.jpg,2650.jpg,2293.jpg,2442.jpg,1531.jpg,2377.jpg,1786.jpg,2655.jpg
22,2287.jpg,2218.jpg,2728.jpg,1668.jpg,1631.jpg,2342.jpg,2119.jpg,2396.jpg,589.jpg,2212.jpg,2089.jpg,2489.jpg,1070.jpg,2639.jpg,1422.jpg,210.jpg
23,2441.jpg,2140.jpg,2185.jpg,2221.jpg,1745.jpg,2499.jpg,307.jpg,2516.jpg,2307.jpg,1664.jpg,2497.jpg,1176.jpg,287.jpg,816.jpg,2077.jpg,2195.jpg
24,142.jpg,2314.jpg,2292.jpg,2666.jpg,1662.jpg,2149.jpg,46.jpg,2255.jpg,2726.jpg,1759.jpg,2075.jpg,2211.jpg,1094.jpg,2716.jpg,2440.jpg,770.jpg
25,405.jpg,2247.jpg,2653.jpg,784.jpg,2569.jpg,2288.jpg,534.jpg,2080.jpg,2074.jpg,1060.jpg,2266.jpg,2426.jpg,1729.jpg,2687.jpg,1881.jpg,2310.jpg
26,2693.jpg,2588.jpg,2554.jpg,2196.jpg,2443.jpg,2412.jpg,2562.jpg,2383.jpg,1541.jpg,887.jpg,2731.jpg,2494.jpg,1219.jpg,92.jpg,1734.jpg,53.jpg
27,2555.jpg,2224.jpg,2130.jpg,2689.jpg,2589.jpg,2376.jpg,645.jpg,2285.jpg,347.jpg,2106.jpg,2453.jpg,1972.jpg,2459.jpg,849.jpg,1805.jpg,1145.jpg
28,1411.jpg,2192.jpg,2572.jpg,129.jpg,2533.jpg,2145.jpg,2607.jpg,1227.jpg,114.jpg,2104.jpg,1497.jpg,2270.jpg,2618.jpg,2400.jpg,2375.jpg,2038.jpg
29,2595.jpg,310.jpg,1884.jpg,2392.jpg,838.jpg,622.jpg,2612.jpg,2407.jpg,2236.jpg,2351.jpg,2019.jpg,2702.jpg,917.jpg,2090.jpg,2317.jpg,2730.jpg
