0,459.jpg,1056.jpg,1164.jpg,1784.jpg,2263.jpg,1658.jpg,1471.jpg,774.jpg,2191.jpg,2720.jpg,2309.jpg,159.jpg,1954.jpg,1261.jpg,321.jpg,171.jpg
1,2534.jpg,1540.jpg,1779.jpg,316.jpg,1888.jpg,1981.jpg,843.jpg,883.jpg,2724.jpg,524.jpg,298.jpg,739.jpg,2265.jpg,2372.jpg,1042.jpg,320.jpg
2,319.jpg,1825.jpg,1704.jpg,2027.jpg,1269.jpg,1265.jpg,2675.jpg,314.jpg,2510.jpg,530.jpg,1046.jpg,2536.jpg,1460.jpg,2180.jpg,275.jpg,1323.jpg
3,773.jpg,1641.jpg,318.jpg,2336.jpg,1826.jpg,1710.jpg,1398.jpg,1322.jpg,444.jpg,724.jpg,2464.jpg,2515.jpg,1472.jpg,2186.jpg,249.jpg,670.jpg
4,532.jpg,2187.jpg,2245.jpg,1847.jpg,664.jpg,68.jpg,1062.jpg,975.jpg,2190.jpg,1693.jpg,404.jpg,2292.jpg,1624.jpg,1714.jpg,826.jpg,1314.jpg
5,2317.jpg,1937.jpg,2366.jpg,2306.jpg,1227.jpg,2540.jpg,1780.jpg,643.jpg,1155.jpg,673.jpg,999.jpg,436.jpg,502.jpg,1591.jpg,1095.jpg,1905.jpg
6,2567.jpg,1340.jpg,1600.jpg,2685.jpg,361.jpg,802.jpg,288.jpg,1645.jpg,1706.jpg,1670.jpg,2279.jpg,871.jpg,385.jpg,2448.jpg,1345.jpg,212.jpg
7,1338.jpg,2041.jpg,1074.jpg,1584.jpg,2224.jpg,1197.jpg,2484.jpg,22.jpg,36.jpg,2526.jpg,1678.jpg,589.jpg,58.jpg,2209.jpg,1688.jpg,1050.jpg
8,568.jpg,1657.jpg,1699.jpg,779.jpg,2090.jpg,1988.jpg,2624.jpg,193.jpg,2610.jpg,930.jpg,1515.jpg,808.jpg,491.jpg,464.jpg,2572.jpg,927.jpg
9,827.jpg,1518.jpg,88.jpg,1915.jpg,2535.jpg,1244.jpg,200.jpg,2417.jpg,1233.jpg,1659.jpg,2014.jpg,470.jpg,743.jpg,2195.jpg,110.jpg,2558.jpg
10,1770.jpg,2546.jpg,10.jpg,11.jpg,926.jpg,848.jpg,823.jpg,482.jpg,1514.jpg,2326.jpg,2486.jpg,1662.jpg,959.jpg,2011.jpg,2646.jpg,371.jpg
11,285.jpg,1731.jpg,1875.jpg,2382.jpg,759.jpg,1775.jpg,233.jpg,1423.jpg,1270.jpg,2454.jpg,559.jpg,2308.jpg,667.jpg,2218.jpg,952.jpg,1728.jpg
12,1761.jpg,2248.jpg,1836.jpg,91.jpg,1868.jpg,2659.jpg,1175.jpg,1413.jpg,651.jpg,2164.jpg,1092.jpg,421.jpg,1568.jpg,167.jpg,699.jpg,2482.jpg
13,785.jpg,2524.jpg,624.jpg,21.jpg,2622.jpg,2079.jpg,710.jpg,23.jpg,178.jpg,1510.jpg,1767.jpg,1936.jpg,819.jpg,2571.jpg,1718.jpg,1176.jpg
14,2127.jpg,1640.jpg,1166.jpg,719.jpg,937.jpg,1445.jpg,438.jpg,1849.jpg,2.jpg,2121.jpg,882.jpg,429.jpg,2179.jpg,330.jpg,1933.jpg,2596.jpg
