0,617.jpg,1502.jpg,1704.jpg,2149.jpg,1815.jpg,1709.jpg,1575.jpg,627.jpg,1547.jpg,1425.jpg,1572.jpg,1699.jpg,1322.jpg,2232.jpg,1979.jpg,1805.jpg
1,1477.jpg,2697.jpg,1667.jpg,1482.jpg,1190.jpg,1648.jpg,1789.jpg,1938.jpg,1945.jpg,170.jpg,1774.jpg,1239.jpg,1640.jpg,86.jpg,2434.jpg,1948.jpg
2,1593.jpg,414.jpg,2303.jpg,2485.jpg,1842.jpg,1903.jpg,1939.jpg,1496.jpg,408.jpg,1521.jpg,1317.jpg,1779.jpg,1870.jpg,1478.jpg,1941.jpg,706.jpg
3,1926.jpg,1662.jpg,1637.jpg,231.jpg,1985.jpg,1936.jpg,1980.jpg,2109.jpg,1913.jpg,975.jpg,201.jpg,1707.jpg,1126.jpg,2736.jpg,1812.jpg,1670.jpg
4,1690.jpg,2017.jpg,1652.jpg,162.jpg,195.jpg,1599.jpg,1880.jpg,2053.jpg,1623.jpg,1172.jpg,2692.jpg,1647.jpg,1676.jpg,2665.jpg,1595.jpg,1198.jpg
5,2079.jpg,1952.jpg,2010.jpg,772.jpg,1840.jpg,1764.jpg,1777.jpg,1532.jpg,1548.jpg,1009.jpg,1442.jpg,413.jpg,1990.jpg,1573.jpg,464.jpg,2177.jpg
6,1986.jpg,1267.jpg,2631.jpg,1746.jpg,1897.jpg,2075.jpg,1550.jpg,1324.jpg,1873.jpg,1628.jpg,1998.jpg,1588.jpg,125.jpg,409.jpg,1634.jpg,2025.jpg
7,1509.jpg,73.jpg,1927.jpg,1878.jpg,1838.jpg,1618.jpg,2442.jpg,2272.jpg,2043.jpg,1312.jpg,660.jpg,1765.jpg,1639.jpg,1434.jpg,1763.jpg,1133.jpg
8,1781.jpg,711.jpg,2099.jpg,104.jpg,1966.jpg,2069.jpg,108.jpg,1827.jpg,1274.jpg,1895.jpg,1822.jpg,1767.jpg,1452.jpg,1614.jpg,1447.jpg,2486.jpg
9,1803.jpg,2347.jpg,295.jpg,1843.jpg,1960.jpg,1394.jpg,1905.jpg,1900.jpg,2619.jpg,122.jpg,1514.jpg,1921.jpg,1813.jpg,882.jpg,1999.jpg,1666.jpg
10,1566.jpg,1756.jpg,1531.jpg,1653.jpg,322.jpg,2040.jpg,675.jpg,1558.jpg,1976.jpg,1029.jpg,2325.jpg,1858.jpg,2033.jpg,1187.jpg,1627.jpg,2273.jpg
11,2064.jpg,1931.jpg,1375.jpg,2165.jpg,116.jpg,1583.jpg,337.jpg,2063.jpg,1045.jpg,1456.jpg,1542.jpg,2045.jpg,2536.jpg,1947.jpg,1475.jpg,1710.jpg
12,1058.jpg,1755.jpg,1706.jpg,1657.jpg,1882.jpg,248.jpg,2376.jpg,521.jpg,1801.jpg,728.jpg,1472.jpg,2203.jpg,1554.jpg,2056.jpg,1787.jpg,1720.jpg
13,884.jpg,984.jpg,1884.jpg,1569.jpg,1792.jpg,1560.jpg,1641.jpg,1644.jpg,2059.jpg,564.jpg,2628.jpg,1823.jpg,606.jpg,1470.jpg,1883.jpg,2549.jpg
14,1630.jpg,1790.jpg,1265.jpg,2027.jpg,1872.jpg,110.jpg,2563.jpg,2704.jpg,1388.jpg,1816.jpg,1654.jpg,2039.jpg,1862.jpg,1958.jpg,1923.jpg,30.jpg
15,1565.jpg,2655.jpg,2634.jpg,1518.jpg,2007.jpg,1942.jpg,1726.jpg,1596.jpg,1497.jpg,1943.jpg,394.jpg,1679.jpg,2036.jpg,140.jpg,909.jpg,856.jpg
16,659.jpg,1516.jpg,2191.jpg,727.jpg,1991.jpg,1625.jpg,1691.jpg,1962.jpg,1987.jpg,1677.jpg,2215.jpg,809.jpg,1733.jpg,1507.jpg,454.jpg,1663.jpg
17,2639.jpg,1806.jpg,2000.jpg,1543.jpg,1984.jpg,1539.jpg,1467.jpg,1956.jpg,671.jpg,2409.jpg,2047.jpg,1160.jpg,316.jpg,1465.jpg,2029.jpg,980.jpg
18,1613.jpg,1254.jpg,1603.jpg,2381.jpg,133.jpg,1587.jpg,1511.jpg,2164.jpg,1830.jpg,1355.jpg,621.jpg,2051.jpg,1959.jpg,1711.jpg,1864.jpg,1722.jpg
19,1537.jpg,1002.jpg,1512.jpg,2193.jpg,350.jpg,1571.jpg,355.jpg,2603.jpg,2014.jpg,1977.jpg,1440.jpg,1581.jpg,1658.jpg,733.jpg,2012.jpg,1460.jpg
20,1650.jpg,1808.jpg,106.jpg,2458.jpg,1915.jpg,1101.jpg,2016.jpg,418.jpg,924.jpg,1495.jpg,2021.jpg,2553.jpg,1526.jpg,1906.jpg,1712.jpg,2054.jpg
21,1474.jpg,1675.jpg,488.jpg,1841.jpg,560.jpg,802.jpg,2067.jpg,833.jpg,2300.jpg,1696.jpg,1441.jpg,1632.jpg,2013.jpg,1692.jpg,1886.jpg,2533.jpg
22,2048.jpg,1836.jpg,1949.jpg,1070.jpg,1896.jpg,2263.jpg,210.jpg,1669.jpg,1917.jpg,1725.jpg,1501.jpg,2362.jpg,1422.jpg,1797.jpg,1463.jpg,589.jpg
23,1645.jpg,1814.jpg,1649.jpg,1818.jpg,2528.jpg,1753.jpg,816.jpg,1685.jpg,1688.jpg,1860.jpg,1176.jpg,2417.jpg,2023.jpg,307.jpg,287.jpg,1957.jpg
24,770.jpg,1483.jpg,1968.jpg,1586.jpg,1439.jpg,1094.jpg,46.jpg,1742.jpg,2080.jpg,1541.jpg,1523.jpg,142.jpg,1668.jpg,2106.jpg,1724.jpg,2046.jpg
25,1060.jpg,2028.jpg,1601.jpg,1847.jpg,1620.jpg,2225.jpg,2411.jpg,784.jpg,534.jpg,1604.jpg,1783.jpg,1996.jpg,1749.jpg,1449.jpg,1859.jpg,405.jpg
26,1510.jpg,1908.jpg,92.jpg,1499.jpg,1219.jpg,2372.jpg,1563.jpg,1716.jpg,2702.jpg,1438.jpg,2052.jpg,1432.jpg,887.jpg,1955.jpg,53.jpg,1910.jpg
27,1574.jpg,1950.jpg,1849.jpg,1635.jpg,347.jpg,849.jpg,645.jpg,1861.jpg,1909.jpg,2141.jpg,1643.jpg,1525.jpg,1919.jpg,2710.jpg,1145.jpg,1778.jpg
28,1227.jpg,1546.jpg,2026.jpg,1727.jpg,1786.jpg,2313.jpg,1940.jpg,1568.jpg,2022.jpg,1933.jpg,129.jpg,114.jpg,1888.jpg,1642.jpg,1411.jpg,2489.jpg
29,1594.jpg,838.jpg,622.jpg,2145.jpg,1487.jpg,1500.jpg,1444.jpg,1435.jpg,1555.jpg,2524.jpg,310.jpg,1890.jpg,917.jpg,1585.jpg,1994.jpg,1673.jpg
