0,1776.jpg,2163.jpg,1920.jpg,2251.jpg,332.jpg,1105.jpg,853.jpg,2201.jpg,1740.jpg,146.jpg,1372.jpg,487.jpg,2342.jpg,80.jpg,765.jpg,1552.jpg
1,1544.jpg,2268.jpg,272.jpg,2734.jpg,794.jpg,161.jpg,2202.jpg,810.jpg,1249.jpg,488.jpg,424.jpg,840.jpg,2019.jpg,2349.jpg,1439.jpg,1598.jpg
2,1496.jpg,2053.jpg,305.jpg,2197.jpg,1468.jpg,2307.jpg,737.jpg,2066.jpg,2501.jpg,1273.jpg,1048.jpg,453.jpg,35.jpg,560.jpg,1083.jpg,2086.jpg
3,188.jpg,653.jpg,2438.jpg,904.jpg,1650.jpg,742.jpg,1500.jpg,1906.jpg,2653.jpg,1101.jpg,942.jpg,292.jpg,2293.jpg,446.jpg,1799.jpg,2345.jpg
4,609.jpg,2298.jpg,1450.jpg,95.jpg,1970.jpg,1013.jpg,1277.jpg,2047.jpg,791.jpg,2314.jpg,2434.jpg,256.jpg,1218.jpg,138.jpg,2648.jpg,1835.jpg
5,1360.jpg,1243.jpg,1123.jpg,2727.jpg,2629.jpg,633.jpg,1961.jpg,1887.jpg,1814.jpg,308.jpg,2737.jpg,798.jpg,1816.jpg,66.jpg,303.jpg,2738.jpg
6,2354.jpg,2185.jpg,237.jpg,662.jpg,1549.jpg,2346.jpg,769.jpg,1236.jpg,707.jpg,260.jpg,567.jpg,1793.jpg,1565.jpg,1965.jpg,1149.jpg,2323.jpg
7,1912.jpg,2285.jpg,1451.jpg,1264.jpg,2189.jpg,1441.jpg,1442.jpg,417.jpg,2615.jpg,813.jpg,248.jpg,2541.jpg,1213.jpg,84.jpg,856.jpg,121.jpg
8,994.jpg,913.jpg,55.jpg,514.jpg,1533.jpg,1758.jpg,718.jpg,2151.jpg,2680.jpg,2325.jpg,1495.jpg,597.jpg,2634.jpg,1440.jpg,939.jpg,25.jpg
9,1595.jpg,1916.jpg,2442.jpg,2493.jpg,1878.jpg,2584.jpg,282.jpg,1308.jpg,1203.jpg,164.jpg,573.jpg,1858.jpg,971.jpg,2133.jpg,976.jpg,369.jpg
10,2378.jpg,56.jpg,1443.jpg,1762.jpg,957.jpg,1333.jpg,274.jpg,1859.jpg,263.jpg,2733.jpg,2071.jpg,393.jpg,1085.jpg,2553.jpg,1885.jpg,931.jpg
11,1538.jpg,2297.jpg,2583.jpg,529.jpg,112.jpg,923.jpg,1715.jpg,466.jpg,1393.jpg,877.jpg,1041.jpg,413.jpg,2073.jpg,1694.jpg,1907.jpg,2591.jpg
12,2192.jpg,852.jpg,546.jpg,1734.jpg,1026.jpg,914.jpg,663.jpg,2328.jpg,2170.jpg,2660.jpg,1425.jpg,403.jpg,543.jpg,1626.jpg,1606.jpg,2042.jpg
13,2272.jpg,517.jpg,2169.jpg,604.jpg,1459.jpg,755.jpg,1379.jpg,2036.jpg,1161.jpg,278.jpg,1200.jpg,2070.jpg,2310.jpg,1493.jpg,531.jpg,1856.jpg
14,825.jpg,521.jpg,1938.jpg,1470.jpg,2742.jpg,2671.jpg,2647.jpg,1675.jpg,127.jpg,31.jpg,37.jpg,845.jpg,2620.jpg,850.jpg,1891.jpg,686.jpg
15,299.jpg,1935.jpg,640.jpg,816.jpg,1604.jpg,1609.jpg,2235.jpg,748.jpg,1792.jpg,545.jpg,225.jpg,890.jpg,2271.jpg,2414.jpg,1302.jpg,2550.jpg
16,1680.jpg,2668.jpg,1362.jpg,612.jpg,1781.jpg,1946.jpg,1473.jpg,279.jpg,1152.jpg,2497.jpg,1045.jpg,700.jpg,2603.jpg,2216.jpg,367.jpg,599.jpg
17,2390.jpg,2230.jpg,1321.jpg,630.jpg,286.jpg,1485.jpg,1919.jpg,870.jpg,2039.jpg,373.jpg,2102.jpg,2433.jpg,2038.jpg,360.jpg,1386.jpg,1410.jpg
18,1583.jpg,534.jpg,2427.jpg,2324.jpg,733.jpg,2655.jpg,688.jpg,1963.jpg,1748.jpg,1713.jpg,986.jpg,430.jpg,45.jpg,2206.jpg,873.jpg,133.jpg
19,1821.jpg,2234.jpg,1457.jpg,621.jpg,1162.jpg,1444.jpg,62.jpg,1818.jpg,1012.jpg,580.jpg,811.jpg,2365.jpg,206.jpg,2184.jpg,2295.jpg,1199.jpg
20,2488.jpg,410.jpg,972.jpg,564.jpg,2559.jpg,85.jpg,510.jpg,2005.jpg,1930.jpg,2074.jpg,2148.jpg,1481.jpg,1911.jpg,1397.jpg,982.jpg,789.jpg
21,2084.jpg,1642.jpg,317.jpg,498.jpg,648.jpg,1327.jpg,1805.jpg,1394.jpg,1527.jpg,215.jpg,1768.jpg,896.jpg,2260.jpg,2273.jpg,2320.jpg,1014.jpg
22,1646.jpg,1941.jpg,1306.jpg,1357.jpg,99.jpg,606.jpg,1139.jpg,252.jpg,2449.jpg,2715.jpg,1219.jpg,2730.jpg,1608.jpg,550.jpg,1554.jpg,2357.jpg
23,2172.jpg,889.jpg,1861.jpg,2636.jpg,874.jpg,380.jpg,1454.jpg,720.jpg,51.jpg,627.jpg,2686.jpg,346.jpg,1928.jpg,2177.jpg,1301.jpg,1541.jpg
24,1529.jpg,2118.jpg,1239.jpg,96.jpg,592.jpg,2123.jpg,2082.jpg,1487.jpg,1582.jpg,851.jpg,1089.jpg,179.jpg,325.jpg,2194.jpg,854.jpg,1983.jpg
25,2478.jpg,69.jpg,1317.jpg,2182.jpg,1110.jpg,1703.jpg,456.jpg,1962.jpg,1644.jpg,1796.jpg,2223.jpg,327.jpg,30.jpg,2658.jpg,1339.jpg,1040.jpg
26,1238.jpg,1811.jpg,1246.jpg,2709.jpg,485.jpg,1112.jpg,67.jpg,2222.jpg,426.jpg,2114.jpg,2466.jpg,12.jpg,1150.jpg,1545.jpg,1788.jpg,1455.jpg
27,2554.jpg,475.jpg,659.jpg,997.jpg,2472.jpg,804.jpg,1389.jpg,2688.jpg,1610.jpg,945.jpg,512.jpg,408.jpg,1900.jpg,1631.jpg,1978.jpg,2717.jpg
28,1525.jpg,219.jpg,1976.jpg,370.jpg,1098.jpg,875.jpg,1873.jpg,2708.jpg,90.jpg,2385.jpg,1165.jpg,2203.jpg,833.jpg,1726.jpg,513.jpg,2289.jpg
29,2112.jpg,1011.jpg,20.jpg,879.jpg,1876.jpg,1751.jpg,1234.jpg,1803.jpg,2159.jpg,622.jpg,1942.jpg,2703.jpg,955.jpg,2319.jpg,538.jpg,379.jpg
